DocumentID,Title,LegalText,Source
DOC001,Court Opinion - Intellectual Property Case,The Receiving Party agrees not to disclose any Confidential Information obtained during the course of the business relationship.,Public Domain - Court Opinion
DOC002,Terms of Service - E-commerce Platform,The Receiving Party agrees not to disclose any Confidential Information obtained during the course of the business relationship.,Court Ruling - Privacy Violation
DOC003,Contract - Non-Disclosure Agreement (NDA),"We collect data such as your name, email, and browsing history to improve our services and provide personalized experiences.",Public Notice - Consumer Rights Act
DOC004,Supreme Court Opinion - Freedom of Speech,Consumers are entitled to clear and concise information about their rights and responsibilities regarding digital services.,Public Domain - Court Opinion
DOC005,Contract - Non-Disclosure Agreement (NDA),The court held that the unauthorized use of patented technology constituted a violation of intellectual property rights.,Public Document - ToS
DOC006,Terms of Service - E-commerce Platform,The court held that the unauthorized use of patented technology constituted a violation of intellectual property rights.,Public Notice - Consumer Rights Act
DOC007,Court Ruling - Data Privacy Violation,The Employee agrees to maintain confidentiality regarding proprietary information disclosed during their employment.,Public Domain - Supreme Court
DOC008,Contract - Non-Disclosure Agreement (NDA),Consumers are entitled to clear and concise information about their rights and responsibilities regarding digital services.,Public Document - ToS
DOC009,Contract - Non-Disclosure Agreement (NDA),The court found that the breach of contract resulted from non-compliance with the agreed payment terms.,Public Document - Privacy Policy
DOC010,Privacy Policy - Online Service,The court found that the breach of contract resulted from non-compliance with the agreed payment terms.,Court Ruling - Privacy Violation
DOC011,Privacy Policy - Online Service,"We collect data such as your name, email, and browsing history to improve our services and provide personalized experiences.",Public Domain - Court Opinion
DOC012,Privacy Policy - Online Service,The court held that the unauthorized use of patented technology constituted a violation of intellectual property rights.,Court Ruling - Privacy Violation
DOC013,Public Notice - Consumer Rights,Consumers are entitled to clear and concise information about their rights and responsibilities regarding digital services.,Public Domain - Supreme Court
DOC014,Court Opinion - Intellectual Property Case,The Employee agrees to maintain confidentiality regarding proprietary information disclosed during their employment.,Public Document - ToS
DOC015,Contract - Non-Disclosure Agreement (NDA),"The First Amendment protects the freedom of speech, allowing individuals to express ideas without government restraint.",Public Notice - Consumer Rights Act
DOC016,Contract - Non-Disclosure Agreement (NDA),The Receiving Party agrees not to disclose any Confidential Information obtained during the course of the business relationship.,Court Ruling - Privacy Violation
DOC017,Terms of Service - E-commerce Platform,The Receiving Party agrees not to disclose any Confidential Information obtained during the course of the business relationship.,Court Ruling - Privacy Violation
DOC018,Court Ruling - Data Privacy Violation,Data should be retained only as long as necessary for business purposes and in compliance with legal requirements.,Legal Record - Contract Case
DOC019,Public Notice - Consumer Rights,"We collect data such as your name, email, and browsing history to improve our services and provide personalized experiences.",Legal Record - Contract Case
DOC020,Case Law - Contract Dispute,The court held that the unauthorized use of patented technology constituted a violation of intellectual property rights.,Public Record - Employment Agreement
DOC021,Court Opinion - Intellectual Property Case,The Employee agrees to maintain confidentiality regarding proprietary information disclosed during their employment.,Public Domain - Court Opinion
DOC022,Terms of Service - E-commerce Platform,The Receiving Party agrees not to disclose any Confidential Information obtained during the course of the business relationship.,Public Document - Privacy Policy
DOC023,Court Ruling - Data Privacy Violation,The court held that the unauthorized use of patented technology constituted a violation of intellectual property rights.,Public Record - Employment Agreement
DOC024,Terms of Service - E-commerce Platform,The Receiving Party agrees not to disclose any Confidential Information obtained during the course of the business relationship.,Public Domain - Court Opinion
DOC025,Case Law - Contract Dispute,The Employee agrees to maintain confidentiality regarding proprietary information disclosed during their employment.,Public Record - Employment Agreement
DOC026,Legal Agreement - Employment Contract,"By using this service, you agree to comply with our terms, including restrictions on data scraping and content redistribution.",Policy Document - Data Retention Guidelines
DOC027,Case Law - Contract Dispute,Data should be retained only as long as necessary for business purposes and in compliance with legal requirements.,Policy Document - Data Retention Guidelines
DOC028,Public Notice - Consumer Rights,Consumers are entitled to clear and concise information about their rights and responsibilities regarding digital services.,Court Ruling - Privacy Violation
DOC029,Legal Policy - Data Retention,The ruling emphasized the need for organizations to implement robust data protection measures to safeguard user information.,Public Notice - Consumer Rights Act
DOC030,Case Law - Contract Dispute,"By using this service, you agree to comply with our terms, including restrictions on data scraping and content redistribution.",Public Record - Employment Agreement
DOC031,Legal Agreement - Employment Contract,Data should be retained only as long as necessary for business purposes and in compliance with legal requirements.,Court Ruling - Privacy Violation
DOC032,Court Opinion - Intellectual Property Case,"We collect data such as your name, email, and browsing history to improve our services and provide personalized experiences.",Court Ruling - Privacy Violation
DOC033,Terms of Service - E-commerce Platform,Data should be retained only as long as necessary for business purposes and in compliance with legal requirements.,Public Contract - Example NDA
DOC034,Case Law - Contract Dispute,The Employee agrees to maintain confidentiality regarding proprietary information disclosed during their employment.,Public Record - Employment Agreement
DOC035,Public Notice - Consumer Rights,The court held that the unauthorized use of patented technology constituted a violation of intellectual property rights.,Public Contract - Example NDA
DOC036,Public Notice - Consumer Rights,"The First Amendment protects the freedom of speech, allowing individuals to express ideas without government restraint.",Public Contract - Example NDA
DOC037,Privacy Policy - Online Service,"We collect data such as your name, email, and browsing history to improve our services and provide personalized experiences.",Public Document - Privacy Policy
DOC038,Privacy Policy - Online Service,The Receiving Party agrees not to disclose any Confidential Information obtained during the course of the business relationship.,Legal Record - Contract Case
DOC039,Supreme Court Opinion - Freedom of Speech,Consumers are entitled to clear and concise information about their rights and responsibilities regarding digital services.,Legal Record - Contract Case
DOC040,Court Opinion - Intellectual Property Case,"By using this service, you agree to comply with our terms, including restrictions on data scraping and content redistribution.",Public Document - ToS
DOC041,Privacy Policy - Online Service,Data should be retained only as long as necessary for business purposes and in compliance with legal requirements.,Legal Record - Contract Case
DOC042,Court Opinion - Intellectual Property Case,The ruling emphasized the need for organizations to implement robust data protection measures to safeguard user information.,Public Record - Employment Agreement
DOC043,Court Opinion - Intellectual Property Case,The ruling emphasized the need for organizations to implement robust data protection measures to safeguard user information.,Public Domain - Supreme Court
DOC044,Public Notice - Consumer Rights,The court held that the unauthorized use of patented technology constituted a violation of intellectual property rights.,Public Domain - Court Opinion
DOC045,Contract - Non-Disclosure Agreement (NDA),Consumers are entitled to clear and concise information about their rights and responsibilities regarding digital services.,Legal Record - Contract Case
DOC046,Legal Agreement - Employment Contract,The Receiving Party agrees not to disclose any Confidential Information obtained during the course of the business relationship.,Court Ruling - Privacy Violation
DOC047,Public Notice - Consumer Rights,"We collect data such as your name, email, and browsing history to improve our services and provide personalized experiences.",Public Domain - Supreme Court
DOC048,Privacy Policy - Online Service,"We collect data such as your name, email, and browsing history to improve our services and provide personalized experiences.",Court Ruling - Privacy Violation
DOC049,Legal Agreement - Employment Contract,The court held that the unauthorized use of patented technology constituted a violation of intellectual property rights.,Court Ruling - Privacy Violation
DOC050,Public Notice - Consumer Rights,The Receiving Party agrees not to disclose any Confidential Information obtained during the course of the business relationship.,Public Document - Privacy Policy
DOC051,Privacy Policy - Online Service,The Employee agrees to maintain confidentiality regarding proprietary information disclosed during their employment.,Public Domain - Supreme Court
DOC052,Case Law - Contract Dispute,The Employee agrees to maintain confidentiality regarding proprietary information disclosed during their employment.,Public Record - Employment Agreement
DOC053,Case Law - Contract Dispute,The Receiving Party agrees not to disclose any Confidential Information obtained during the course of the business relationship.,Court Ruling - Privacy Violation
DOC054,Legal Agreement - Employment Contract,"We collect data such as your name, email, and browsing history to improve our services and provide personalized experiences.",Legal Record - Contract Case
DOC055,Legal Policy - Data Retention,"By using this service, you agree to comply with our terms, including restrictions on data scraping and content redistribution.",Court Ruling - Privacy Violation
DOC056,Court Ruling - Data Privacy Violation,The ruling emphasized the need for organizations to implement robust data protection measures to safeguard user information.,Public Domain - Supreme Court
DOC057,Supreme Court Opinion - Freedom of Speech,"By using this service, you agree to comply with our terms, including restrictions on data scraping and content redistribution.",Public Record - Employment Agreement
DOC058,Terms of Service - E-commerce Platform,The court held that the unauthorized use of patented technology constituted a violation of intellectual property rights.,Public Contract - Example NDA
DOC059,Court Ruling - Data Privacy Violation,The ruling emphasized the need for organizations to implement robust data protection measures to safeguard user information.,Public Document - ToS
DOC060,Legal Policy - Data Retention,The ruling emphasized the need for organizations to implement robust data protection measures to safeguard user information.,Public Notice - Consumer Rights Act
DOC061,Public Notice - Consumer Rights,The court held that the unauthorized use of patented technology constituted a violation of intellectual property rights.,Policy Document - Data Retention Guidelines
DOC062,Privacy Policy - Online Service,"By using this service, you agree to comply with our terms, including restrictions on data scraping and content redistribution.",Public Record - Employment Agreement
DOC063,Case Law - Contract Dispute,The court found that the breach of contract resulted from non-compliance with the agreed payment terms.,Public Record - Employment Agreement
DOC064,Supreme Court Opinion - Freedom of Speech,The Receiving Party agrees not to disclose any Confidential Information obtained during the course of the business relationship.,Public Document - Privacy Policy
DOC065,Court Ruling - Data Privacy Violation,"The First Amendment protects the freedom of speech, allowing individuals to express ideas without government restraint.",Court Ruling - Privacy Violation
DOC066,Court Ruling - Data Privacy Violation,Consumers are entitled to clear and concise information about their rights and responsibilities regarding digital services.,Public Domain - Court Opinion
DOC067,Public Notice - Consumer Rights,The ruling emphasized the need for organizations to implement robust data protection measures to safeguard user information.,Public Domain - Court Opinion
DOC068,Legal Policy - Data Retention,Consumers are entitled to clear and concise information about their rights and responsibilities regarding digital services.,Public Domain - Court Opinion
DOC069,Court Opinion - Intellectual Property Case,"The First Amendment protects the freedom of speech, allowing individuals to express ideas without government restraint.",Public Notice - Consumer Rights Act
DOC070,Court Opinion - Intellectual Property Case,"The First Amendment protects the freedom of speech, allowing individuals to express ideas without government restraint.",Public Contract - Example NDA
DOC071,Legal Agreement - Employment Contract,The ruling emphasized the need for organizations to implement robust data protection measures to safeguard user information.,Court Ruling - Privacy Violation
DOC072,Supreme Court Opinion - Freedom of Speech,"The First Amendment protects the freedom of speech, allowing individuals to express ideas without government restraint.",Public Record - Employment Agreement
DOC073,Public Notice - Consumer Rights,The Employee agrees to maintain confidentiality regarding proprietary information disclosed during their employment.,Public Notice - Consumer Rights Act
DOC074,Court Opinion - Intellectual Property Case,The Receiving Party agrees not to disclose any Confidential Information obtained during the course of the business relationship.,Policy Document - Data Retention Guidelines
DOC075,Legal Agreement - Employment Contract,"The First Amendment protects the freedom of speech, allowing individuals to express ideas without government restraint.",Public Notice - Consumer Rights Act
DOC076,Legal Agreement - Employment Contract,"The First Amendment protects the freedom of speech, allowing individuals to express ideas without government restraint.",Public Contract - Example NDA
DOC077,Court Opinion - Intellectual Property Case,The court held that the unauthorized use of patented technology constituted a violation of intellectual property rights.,Legal Record - Contract Case
DOC078,Terms of Service - E-commerce Platform,The court found that the breach of contract resulted from non-compliance with the agreed payment terms.,Public Contract - Example NDA
DOC079,Legal Agreement - Employment Contract,Consumers are entitled to clear and concise information about their rights and responsibilities regarding digital services.,Legal Record - Contract Case
DOC080,Case Law - Contract Dispute,"We collect data such as your name, email, and browsing history to improve our services and provide personalized experiences.",Public Document - Privacy Policy
DOC081,Privacy Policy - Online Service,The ruling emphasized the need for organizations to implement robust data protection measures to safeguard user information.,Public Domain - Supreme Court
DOC082,Legal Policy - Data Retention,The Receiving Party agrees not to disclose any Confidential Information obtained during the course of the business relationship.,Public Notice - Consumer Rights Act
DOC083,Court Ruling - Data Privacy Violation,"The First Amendment protects the freedom of speech, allowing individuals to express ideas without government restraint.",Court Ruling - Privacy Violation
DOC084,Legal Agreement - Employment Contract,The court found that the breach of contract resulted from non-compliance with the agreed payment terms.,Policy Document - Data Retention Guidelines
DOC085,Case Law - Contract Dispute,Consumers are entitled to clear and concise information about their rights and responsibilities regarding digital services.,Public Document - ToS
DOC086,Terms of Service - E-commerce Platform,"We collect data such as your name, email, and browsing history to improve our services and provide personalized experiences.",Policy Document - Data Retention Guidelines
DOC087,Court Ruling - Data Privacy Violation,The court held that the unauthorized use of patented technology constituted a violation of intellectual property rights.,Public Document - ToS
DOC088,Terms of Service - E-commerce Platform,"The First Amendment protects the freedom of speech, allowing individuals to express ideas without government restraint.",Policy Document - Data Retention Guidelines
DOC089,Case Law - Contract Dispute,The court found that the breach of contract resulted from non-compliance with the agreed payment terms.,Public Contract - Example NDA
DOC090,Court Ruling - Data Privacy Violation,"We collect data such as your name, email, and browsing history to improve our services and provide personalized experiences.",Court Ruling - Privacy Violation
DOC091,Court Ruling - Data Privacy Violation,The ruling emphasized the need for organizations to implement robust data protection measures to safeguard user information.,Public Domain - Supreme Court
DOC092,Case Law - Contract Dispute,The ruling emphasized the need for organizations to implement robust data protection measures to safeguard user information.,Public Contract - Example NDA
DOC093,Case Law - Contract Dispute,"The First Amendment protects the freedom of speech, allowing individuals to express ideas without government restraint.",Public Notice - Consumer Rights Act
DOC094,Supreme Court Opinion - Freedom of Speech,The Receiving Party agrees not to disclose any Confidential Information obtained during the course of the business relationship.,Public Document - ToS
DOC095,Legal Policy - Data Retention,The ruling emphasized the need for organizations to implement robust data protection measures to safeguard user information.,Public Domain - Court Opinion
DOC096,Court Ruling - Data Privacy Violation,"We collect data such as your name, email, and browsing history to improve our services and provide personalized experiences.",Public Domain - Supreme Court
DOC097,Public Notice - Consumer Rights,Data should be retained only as long as necessary for business purposes and in compliance with legal requirements.,Legal Record - Contract Case
DOC098,Court Ruling - Data Privacy Violation,The court held that the unauthorized use of patented technology constituted a violation of intellectual property rights.,Public Contract - Example NDA
DOC099,Legal Agreement - Employment Contract,The court held that the unauthorized use of patented technology constituted a violation of intellectual property rights.,Policy Document - Data Retention Guidelines
DOC100,Privacy Policy - Online Service,Data should be retained only as long as necessary for business purposes and in compliance with legal requirements.,Public Document - Privacy Policy
DOC101,Legal Agreement - Employment Contract,The court held that the unauthorized use of patented technology constituted a violation of intellectual property rights.,Public Document - Privacy Policy
DOC102,Supreme Court Opinion - Freedom of Speech,The court held that the unauthorized use of patented technology constituted a violation of intellectual property rights.,Public Domain - Supreme Court
DOC103,Public Notice - Consumer Rights,Data should be retained only as long as necessary for business purposes and in compliance with legal requirements.,Public Domain - Court Opinion
DOC104,Case Law - Contract Dispute,The Employee agrees to maintain confidentiality regarding proprietary information disclosed during their employment.,Legal Record - Contract Case
DOC105,Public Notice - Consumer Rights,Consumers are entitled to clear and concise information about their rights and responsibilities regarding digital services.,Public Document - ToS
DOC106,Court Opinion - Intellectual Property Case,The Employee agrees to maintain confidentiality regarding proprietary information disclosed during their employment.,Policy Document - Data Retention Guidelines
DOC107,Court Ruling - Data Privacy Violation,"The First Amendment protects the freedom of speech, allowing individuals to express ideas without government restraint.",Public Contract - Example NDA
DOC108,Legal Policy - Data Retention,The Employee agrees to maintain confidentiality regarding proprietary information disclosed during their employment.,Public Domain - Supreme Court
DOC109,Case Law - Contract Dispute,The court found that the breach of contract resulted from non-compliance with the agreed payment terms.,Public Notice - Consumer Rights Act
DOC110,Court Opinion - Intellectual Property Case,Data should be retained only as long as necessary for business purposes and in compliance with legal requirements.,Public Contract - Example NDA
DOC111,Court Ruling - Data Privacy Violation,Consumers are entitled to clear and concise information about their rights and responsibilities regarding digital services.,Public Document - Privacy Policy
DOC112,Court Ruling - Data Privacy Violation,Data should be retained only as long as necessary for business purposes and in compliance with legal requirements.,Policy Document - Data Retention Guidelines
DOC113,Supreme Court Opinion - Freedom of Speech,"The First Amendment protects the freedom of speech, allowing individuals to express ideas without government restraint.",Public Domain - Supreme Court
DOC114,Supreme Court Opinion - Freedom of Speech,Data should be retained only as long as necessary for business purposes and in compliance with legal requirements.,Policy Document - Data Retention Guidelines
DOC115,Case Law - Contract Dispute,"The First Amendment protects the freedom of speech, allowing individuals to express ideas without government restraint.",Public Domain - Supreme Court
DOC116,Contract - Non-Disclosure Agreement (NDA),"We collect data such as your name, email, and browsing history to improve our services and provide personalized experiences.",Public Domain - Court Opinion
DOC117,Contract - Non-Disclosure Agreement (NDA),The Receiving Party agrees not to disclose any Confidential Information obtained during the course of the business relationship.,Public Record - Employment Agreement
DOC118,Supreme Court Opinion - Freedom of Speech,The court held that the unauthorized use of patented technology constituted a violation of intellectual property rights.,Legal Record - Contract Case
DOC119,Legal Agreement - Employment Contract,The Receiving Party agrees not to disclose any Confidential Information obtained during the course of the business relationship.,Legal Record - Contract Case
DOC120,Supreme Court Opinion - Freedom of Speech,The Employee agrees to maintain confidentiality regarding proprietary information disclosed during their employment.,Public Record - Employment Agreement
DOC121,Privacy Policy - Online Service,"We collect data such as your name, email, and browsing history to improve our services and provide personalized experiences.",Public Domain - Supreme Court
DOC122,Contract - Non-Disclosure Agreement (NDA),Consumers are entitled to clear and concise information about their rights and responsibilities regarding digital services.,Public Notice - Consumer Rights Act
DOC123,Privacy Policy - Online Service,The Employee agrees to maintain confidentiality regarding proprietary information disclosed during their employment.,Public Contract - Example NDA
DOC124,Legal Policy - Data Retention,The court found that the breach of contract resulted from non-compliance with the agreed payment terms.,Public Record - Employment Agreement
DOC125,Terms of Service - E-commerce Platform,Consumers are entitled to clear and concise information about their rights and responsibilities regarding digital services.,Legal Record - Contract Case
DOC126,Court Ruling - Data Privacy Violation,Data should be retained only as long as necessary for business purposes and in compliance with legal requirements.,Public Document - Privacy Policy
DOC127,Contract - Non-Disclosure Agreement (NDA),The Employee agrees to maintain confidentiality regarding proprietary information disclosed during their employment.,Public Record - Employment Agreement
DOC128,Court Opinion - Intellectual Property Case,The court found that the breach of contract resulted from non-compliance with the agreed payment terms.,Court Ruling - Privacy Violation
DOC129,Terms of Service - E-commerce Platform,The court held that the unauthorized use of patented technology constituted a violation of intellectual property rights.,Public Contract - Example NDA
DOC130,Contract - Non-Disclosure Agreement (NDA),The Receiving Party agrees not to disclose any Confidential Information obtained during the course of the business relationship.,Public Notice - Consumer Rights Act
DOC131,Court Opinion - Intellectual Property Case,Consumers are entitled to clear and concise information about their rights and responsibilities regarding digital services.,Public Notice - Consumer Rights Act
DOC132,Legal Agreement - Employment Contract,"The First Amendment protects the freedom of speech, allowing individuals to express ideas without government restraint.",Policy Document - Data Retention Guidelines
DOC133,Case Law - Contract Dispute,"The First Amendment protects the freedom of speech, allowing individuals to express ideas without government restraint.",Public Domain - Supreme Court
DOC134,Contract - Non-Disclosure Agreement (NDA),Consumers are entitled to clear and concise information about their rights and responsibilities regarding digital services.,Court Ruling - Privacy Violation
DOC135,Legal Policy - Data Retention,Consumers are entitled to clear and concise information about their rights and responsibilities regarding digital services.,Public Notice - Consumer Rights Act
DOC136,Court Ruling - Data Privacy Violation,"By using this service, you agree to comply with our terms, including restrictions on data scraping and content redistribution.",Public Notice - Consumer Rights Act
DOC137,Public Notice - Consumer Rights,"By using this service, you agree to comply with our terms, including restrictions on data scraping and content redistribution.",Public Domain - Court Opinion
DOC138,Public Notice - Consumer Rights,Consumers are entitled to clear and concise information about their rights and responsibilities regarding digital services.,Public Contract - Example NDA
DOC139,Legal Agreement - Employment Contract,"The First Amendment protects the freedom of speech, allowing individuals to express ideas without government restraint.",Public Domain - Supreme Court
DOC140,Court Ruling - Data Privacy Violation,"By using this service, you agree to comply with our terms, including restrictions on data scraping and content redistribution.",Public Document - Privacy Policy
DOC141,Contract - Non-Disclosure Agreement (NDA),The Employee agrees to maintain confidentiality regarding proprietary information disclosed during their employment.,Policy Document - Data Retention Guidelines
DOC142,Legal Policy - Data Retention,"We collect data such as your name, email, and browsing history to improve our services and provide personalized experiences.",Public Domain - Court Opinion
DOC143,Case Law - Contract Dispute,The Employee agrees to maintain confidentiality regarding proprietary information disclosed during their employment.,Public Document - ToS
DOC144,Court Opinion - Intellectual Property Case,"The First Amendment protects the freedom of speech, allowing individuals to express ideas without government restraint.",Public Domain - Supreme Court
DOC145,Legal Policy - Data Retention,The Receiving Party agrees not to disclose any Confidential Information obtained during the course of the business relationship.,Legal Record - Contract Case
DOC146,Supreme Court Opinion - Freedom of Speech,"The First Amendment protects the freedom of speech, allowing individuals to express ideas without government restraint.",Legal Record - Contract Case
DOC147,Public Notice - Consumer Rights,Data should be retained only as long as necessary for business purposes and in compliance with legal requirements.,Public Document - Privacy Policy
DOC148,Privacy Policy - Online Service,The court found that the breach of contract resulted from non-compliance with the agreed payment terms.,Public Domain - Court Opinion
DOC149,Contract - Non-Disclosure Agreement (NDA),"We collect data such as your name, email, and browsing history to improve our services and provide personalized experiences.",Public Contract - Example NDA
DOC150,Privacy Policy - Online Service,The ruling emphasized the need for organizations to implement robust data protection measures to safeguard user information.,Public Document - ToS
DOC151,Contract - Non-Disclosure Agreement (NDA),Data should be retained only as long as necessary for business purposes and in compliance with legal requirements.,Public Notice - Consumer Rights Act
DOC152,Case Law - Contract Dispute,Data should be retained only as long as necessary for business purposes and in compliance with legal requirements.,Public Contract - Example NDA
DOC153,Court Opinion - Intellectual Property Case,The court held that the unauthorized use of patented technology constituted a violation of intellectual property rights.,Policy Document - Data Retention Guidelines
DOC154,Public Notice - Consumer Rights,Data should be retained only as long as necessary for business purposes and in compliance with legal requirements.,Public Document - Privacy Policy
DOC155,Legal Agreement - Employment Contract,The ruling emphasized the need for organizations to implement robust data protection measures to safeguard user information.,Public Domain - Supreme Court
DOC156,Court Ruling - Data Privacy Violation,Data should be retained only as long as necessary for business purposes and in compliance with legal requirements.,Public Contract - Example NDA
DOC157,Court Ruling - Data Privacy Violation,The Receiving Party agrees not to disclose any Confidential Information obtained during the course of the business relationship.,Public Document - ToS
DOC158,Legal Policy - Data Retention,The ruling emphasized the need for organizations to implement robust data protection measures to safeguard user information.,Public Domain - Supreme Court
DOC159,Court Ruling - Data Privacy Violation,The ruling emphasized the need for organizations to implement robust data protection measures to safeguard user information.,Public Domain - Court Opinion
DOC160,Privacy Policy - Online Service,Consumers are entitled to clear and concise information about their rights and responsibilities regarding digital services.,Public Document - Privacy Policy
DOC161,Court Ruling - Data Privacy Violation,Consumers are entitled to clear and concise information about their rights and responsibilities regarding digital services.,Public Record - Employment Agreement
DOC162,Court Opinion - Intellectual Property Case,The court found that the breach of contract resulted from non-compliance with the agreed payment terms.,Public Domain - Court Opinion
DOC163,Legal Policy - Data Retention,The Receiving Party agrees not to disclose any Confidential Information obtained during the course of the business relationship.,Policy Document - Data Retention Guidelines
DOC164,Case Law - Contract Dispute,The Employee agrees to maintain confidentiality regarding proprietary information disclosed during their employment.,Public Domain - Court Opinion
DOC165,Court Opinion - Intellectual Property Case,The Employee agrees to maintain confidentiality regarding proprietary information disclosed during their employment.,Policy Document - Data Retention Guidelines
DOC166,Supreme Court Opinion - Freedom of Speech,The ruling emphasized the need for organizations to implement robust data protection measures to safeguard user information.,Policy Document - Data Retention Guidelines
DOC167,Court Opinion - Intellectual Property Case,The Employee agrees to maintain confidentiality regarding proprietary information disclosed during their employment.,Public Document - ToS
DOC168,Privacy Policy - Online Service,"The First Amendment protects the freedom of speech, allowing individuals to express ideas without government restraint.",Public Domain - Court Opinion
DOC169,Privacy Policy - Online Service,The Employee agrees to maintain confidentiality regarding proprietary information disclosed during their employment.,Policy Document - Data Retention Guidelines
DOC170,Legal Agreement - Employment Contract,The ruling emphasized the need for organizations to implement robust data protection measures to safeguard user information.,Public Notice - Consumer Rights Act
DOC171,Court Opinion - Intellectual Property Case,The Employee agrees to maintain confidentiality regarding proprietary information disclosed during their employment.,Public Contract - Example NDA
DOC172,Legal Agreement - Employment Contract,"The First Amendment protects the freedom of speech, allowing individuals to express ideas without government restraint.",Public Domain - Court Opinion
DOC173,Terms of Service - E-commerce Platform,"By using this service, you agree to comply with our terms, including restrictions on data scraping and content redistribution.",Public Domain - Court Opinion
DOC174,Contract - Non-Disclosure Agreement (NDA),"By using this service, you agree to comply with our terms, including restrictions on data scraping and content redistribution.",Policy Document - Data Retention Guidelines
DOC175,Supreme Court Opinion - Freedom of Speech,The ruling emphasized the need for organizations to implement robust data protection measures to safeguard user information.,Legal Record - Contract Case
DOC176,Supreme Court Opinion - Freedom of Speech,Data should be retained only as long as necessary for business purposes and in compliance with legal requirements.,Public Document - ToS
DOC177,Privacy Policy - Online Service,"We collect data such as your name, email, and browsing history to improve our services and provide personalized experiences.",Public Contract - Example NDA
DOC178,Public Notice - Consumer Rights,The Employee agrees to maintain confidentiality regarding proprietary information disclosed during their employment.,Public Document - ToS
DOC179,Legal Policy - Data Retention,Data should be retained only as long as necessary for business purposes and in compliance with legal requirements.,Policy Document - Data Retention Guidelines
DOC180,Legal Policy - Data Retention,The Employee agrees to maintain confidentiality regarding proprietary information disclosed during their employment.,Legal Record - Contract Case
DOC181,Legal Policy - Data Retention,"The First Amendment protects the freedom of speech, allowing individuals to express ideas without government restraint.",Court Ruling - Privacy Violation
DOC182,Legal Policy - Data Retention,The court held that the unauthorized use of patented technology constituted a violation of intellectual property rights.,Public Domain - Supreme Court
DOC183,Legal Agreement - Employment Contract,The court found that the breach of contract resulted from non-compliance with the agreed payment terms.,Public Contract - Example NDA
DOC184,Court Opinion - Intellectual Property Case,The Employee agrees to maintain confidentiality regarding proprietary information disclosed during their employment.,Legal Record - Contract Case
DOC185,Case Law - Contract Dispute,"We collect data such as your name, email, and browsing history to improve our services and provide personalized experiences.",Public Contract - Example NDA
DOC186,Supreme Court Opinion - Freedom of Speech,The ruling emphasized the need for organizations to implement robust data protection measures to safeguard user information.,Public Document - Privacy Policy
DOC187,Case Law - Contract Dispute,The Receiving Party agrees not to disclose any Confidential Information obtained during the course of the business relationship.,Public Document - ToS
DOC188,Terms of Service - E-commerce Platform,Consumers are entitled to clear and concise information about their rights and responsibilities regarding digital services.,Public Domain - Supreme Court
DOC189,Case Law - Contract Dispute,The Employee agrees to maintain confidentiality regarding proprietary information disclosed during their employment.,Public Document - Privacy Policy
DOC190,Terms of Service - E-commerce Platform,"The First Amendment protects the freedom of speech, allowing individuals to express ideas without government restraint.",Public Document - Privacy Policy
DOC191,Case Law - Contract Dispute,The Receiving Party agrees not to disclose any Confidential Information obtained during the course of the business relationship.,Public Domain - Court Opinion
DOC192,Public Notice - Consumer Rights,The court found that the breach of contract resulted from non-compliance with the agreed payment terms.,Legal Record - Contract Case
DOC193,Supreme Court Opinion - Freedom of Speech,The court found that the breach of contract resulted from non-compliance with the agreed payment terms.,Public Document - Privacy Policy
DOC194,Case Law - Contract Dispute,The court found that the breach of contract resulted from non-compliance with the agreed payment terms.,Public Document - ToS
DOC195,Court Opinion - Intellectual Property Case,"We collect data such as your name, email, and browsing history to improve our services and provide personalized experiences.",Public Document - Privacy Policy
DOC196,Legal Agreement - Employment Contract,"By using this service, you agree to comply with our terms, including restrictions on data scraping and content redistribution.",Public Domain - Supreme Court
DOC197,Case Law - Contract Dispute,The ruling emphasized the need for organizations to implement robust data protection measures to safeguard user information.,Policy Document - Data Retention Guidelines
DOC198,Privacy Policy - Online Service,The court held that the unauthorized use of patented technology constituted a violation of intellectual property rights.,Policy Document - Data Retention Guidelines
DOC199,Court Ruling - Data Privacy Violation,"By using this service, you agree to comply with our terms, including restrictions on data scraping and content redistribution.",Public Notice - Consumer Rights Act
DOC200,Court Opinion - Intellectual Property Case,The Employee agrees to maintain confidentiality regarding proprietary information disclosed during their employment.,Public Domain - Court Opinion
DOC201,Court Ruling - Data Privacy Violation,The Employee agrees to maintain confidentiality regarding proprietary information disclosed during their employment.,Public Notice - Consumer Rights Act
DOC202,Legal Agreement - Employment Contract,The Receiving Party agrees not to disclose any Confidential Information obtained during the course of the business relationship.,Policy Document - Data Retention Guidelines
DOC203,Terms of Service - E-commerce Platform,The Receiving Party agrees not to disclose any Confidential Information obtained during the course of the business relationship.,Public Contract - Example NDA
DOC204,Legal Policy - Data Retention,The court held that the unauthorized use of patented technology constituted a violation of intellectual property rights.,Public Contract - Example NDA
DOC205,Contract - Non-Disclosure Agreement (NDA),The Receiving Party agrees not to disclose any Confidential Information obtained during the course of the business relationship.,Public Domain - Supreme Court
DOC206,Public Notice - Consumer Rights,The Receiving Party agrees not to disclose any Confidential Information obtained during the course of the business relationship.,Court Ruling - Privacy Violation
DOC207,Supreme Court Opinion - Freedom of Speech,"By using this service, you agree to comply with our terms, including restrictions on data scraping and content redistribution.",Public Domain - Court Opinion
DOC208,Public Notice - Consumer Rights,"We collect data such as your name, email, and browsing history to improve our services and provide personalized experiences.",Public Document - ToS
DOC209,Legal Agreement - Employment Contract,Consumers are entitled to clear and concise information about their rights and responsibilities regarding digital services.,Public Document - ToS
DOC210,Privacy Policy - Online Service,"The First Amendment protects the freedom of speech, allowing individuals to express ideas without government restraint.",Public Domain - Supreme Court
DOC211,Contract - Non-Disclosure Agreement (NDA),"The First Amendment protects the freedom of speech, allowing individuals to express ideas without government restraint.",Public Domain - Court Opinion
DOC212,Legal Policy - Data Retention,"The First Amendment protects the freedom of speech, allowing individuals to express ideas without government restraint.",Legal Record - Contract Case
DOC213,Court Opinion - Intellectual Property Case,Consumers are entitled to clear and concise information about their rights and responsibilities regarding digital services.,Legal Record - Contract Case
DOC214,Legal Agreement - Employment Contract,"We collect data such as your name, email, and browsing history to improve our services and provide personalized experiences.",Public Notice - Consumer Rights Act
DOC215,Supreme Court Opinion - Freedom of Speech,Data should be retained only as long as necessary for business purposes and in compliance with legal requirements.,Public Document - Privacy Policy
DOC216,Legal Policy - Data Retention,The court held that the unauthorized use of patented technology constituted a violation of intellectual property rights.,Legal Record - Contract Case
DOC217,Court Ruling - Data Privacy Violation,"We collect data such as your name, email, and browsing history to improve our services and provide personalized experiences.",Public Contract - Example NDA
DOC218,Terms of Service - E-commerce Platform,Consumers are entitled to clear and concise information about their rights and responsibilities regarding digital services.,Public Contract - Example NDA
DOC219,Case Law - Contract Dispute,"We collect data such as your name, email, and browsing history to improve our services and provide personalized experiences.",Public Domain - Court Opinion
DOC220,Court Ruling - Data Privacy Violation,Data should be retained only as long as necessary for business purposes and in compliance with legal requirements.,Legal Record - Contract Case
DOC221,Terms of Service - E-commerce Platform,The ruling emphasized the need for organizations to implement robust data protection measures to safeguard user information.,Public Domain - Court Opinion
DOC222,Privacy Policy - Online Service,The court found that the breach of contract resulted from non-compliance with the agreed payment terms.,Public Contract - Example NDA
DOC223,Legal Policy - Data Retention,The Receiving Party agrees not to disclose any Confidential Information obtained during the course of the business relationship.,Public Domain - Court Opinion
DOC224,Supreme Court Opinion - Freedom of Speech,Data should be retained only as long as necessary for business purposes and in compliance with legal requirements.,Public Domain - Court Opinion
DOC225,Court Opinion - Intellectual Property Case,The Receiving Party agrees not to disclose any Confidential Information obtained during the course of the business relationship.,Public Record - Employment Agreement
DOC226,Supreme Court Opinion - Freedom of Speech,The Employee agrees to maintain confidentiality regarding proprietary information disclosed during their employment.,Public Contract - Example NDA
DOC227,Privacy Policy - Online Service,Consumers are entitled to clear and concise information about their rights and responsibilities regarding digital services.,Legal Record - Contract Case
DOC228,Contract - Non-Disclosure Agreement (NDA),"We collect data such as your name, email, and browsing history to improve our services and provide personalized experiences.",Public Record - Employment Agreement
DOC229,Court Ruling - Data Privacy Violation,The Employee agrees to maintain confidentiality regarding proprietary information disclosed during their employment.,Public Record - Employment Agreement
DOC230,Terms of Service - E-commerce Platform,Consumers are entitled to clear and concise information about their rights and responsibilities regarding digital services.,Court Ruling - Privacy Violation
DOC231,Court Ruling - Data Privacy Violation,The Receiving Party agrees not to disclose any Confidential Information obtained during the course of the business relationship.,Public Domain - Court Opinion
DOC232,Legal Agreement - Employment Contract,Consumers are entitled to clear and concise information about their rights and responsibilities regarding digital services.,Public Notice - Consumer Rights Act
DOC233,Court Ruling - Data Privacy Violation,The Employee agrees to maintain confidentiality regarding proprietary information disclosed during their employment.,Public Document - Privacy Policy
DOC234,Case Law - Contract Dispute,"We collect data such as your name, email, and browsing history to improve our services and provide personalized experiences.",Policy Document - Data Retention Guidelines
DOC235,Supreme Court Opinion - Freedom of Speech,The ruling emphasized the need for organizations to implement robust data protection measures to safeguard user information.,Court Ruling - Privacy Violation
DOC236,Public Notice - Consumer Rights,The ruling emphasized the need for organizations to implement robust data protection measures to safeguard user information.,Legal Record - Contract Case
DOC237,Supreme Court Opinion - Freedom of Speech,"We collect data such as your name, email, and browsing history to improve our services and provide personalized experiences.",Public Document - Privacy Policy
DOC238,Public Notice - Consumer Rights,"We collect data such as your name, email, and browsing history to improve our services and provide personalized experiences.",Public Record - Employment Agreement
DOC239,Court Opinion - Intellectual Property Case,The court found that the breach of contract resulted from non-compliance with the agreed payment terms.,Public Document - Privacy Policy
DOC240,Court Opinion - Intellectual Property Case,The Receiving Party agrees not to disclose any Confidential Information obtained during the course of the business relationship.,Public Record - Employment Agreement
DOC241,Contract - Non-Disclosure Agreement (NDA),The Employee agrees to maintain confidentiality regarding proprietary information disclosed during their employment.,Court Ruling - Privacy Violation
DOC242,Court Opinion - Intellectual Property Case,"We collect data such as your name, email, and browsing history to improve our services and provide personalized experiences.",Public Contract - Example NDA
DOC243,Legal Policy - Data Retention,"The First Amendment protects the freedom of speech, allowing individuals to express ideas without government restraint.",Public Document - ToS
DOC244,Legal Policy - Data Retention,Data should be retained only as long as necessary for business purposes and in compliance with legal requirements.,Legal Record - Contract Case
DOC245,Legal Policy - Data Retention,"The First Amendment protects the freedom of speech, allowing individuals to express ideas without government restraint.",Public Record - Employment Agreement
DOC246,Supreme Court Opinion - Freedom of Speech,"By using this service, you agree to comply with our terms, including restrictions on data scraping and content redistribution.",Public Domain - Supreme Court
DOC247,Supreme Court Opinion - Freedom of Speech,"The First Amendment protects the freedom of speech, allowing individuals to express ideas without government restraint.",Public Domain - Court Opinion
DOC248,Privacy Policy - Online Service,"The First Amendment protects the freedom of speech, allowing individuals to express ideas without government restraint.",Public Document - ToS
DOC249,Privacy Policy - Online Service,"We collect data such as your name, email, and browsing history to improve our services and provide personalized experiences.",Legal Record - Contract Case
DOC250,Legal Policy - Data Retention,The court found that the breach of contract resulted from non-compliance with the agreed payment terms.,Public Notice - Consumer Rights Act
DOC251,Legal Agreement - Employment Contract,The court found that the breach of contract resulted from non-compliance with the agreed payment terms.,Legal Record - Contract Case
DOC252,Legal Policy - Data Retention,The ruling emphasized the need for organizations to implement robust data protection measures to safeguard user information.,Public Contract - Example NDA
DOC253,Contract - Non-Disclosure Agreement (NDA),"We collect data such as your name, email, and browsing history to improve our services and provide personalized experiences.",Public Document - Privacy Policy
DOC254,Court Opinion - Intellectual Property Case,"The First Amendment protects the freedom of speech, allowing individuals to express ideas without government restraint.",Policy Document - Data Retention Guidelines
DOC255,Court Ruling - Data Privacy Violation,The Receiving Party agrees not to disclose any Confidential Information obtained during the course of the business relationship.,Court Ruling - Privacy Violation
DOC256,Public Notice - Consumer Rights,"We collect data such as your name, email, and browsing history to improve our services and provide personalized experiences.",Public Notice - Consumer Rights Act
DOC257,Case Law - Contract Dispute,"We collect data such as your name, email, and browsing history to improve our services and provide personalized experiences.",Public Domain - Supreme Court
DOC258,Contract - Non-Disclosure Agreement (NDA),The Receiving Party agrees not to disclose any Confidential Information obtained during the course of the business relationship.,Public Document - ToS
DOC259,Public Notice - Consumer Rights,The court found that the breach of contract resulted from non-compliance with the agreed payment terms.,Public Document - ToS
DOC260,Public Notice - Consumer Rights,Consumers are entitled to clear and concise information about their rights and responsibilities regarding digital services.,Public Document - Privacy Policy
DOC261,Court Opinion - Intellectual Property Case,Data should be retained only as long as necessary for business purposes and in compliance with legal requirements.,Public Record - Employment Agreement
DOC262,Supreme Court Opinion - Freedom of Speech,Consumers are entitled to clear and concise information about their rights and responsibilities regarding digital services.,Policy Document - Data Retention Guidelines
DOC263,Court Ruling - Data Privacy Violation,"By using this service, you agree to comply with our terms, including restrictions on data scraping and content redistribution.",Public Domain - Supreme Court
DOC264,Legal Policy - Data Retention,Data should be retained only as long as necessary for business purposes and in compliance with legal requirements.,Public Document - ToS
DOC265,Contract - Non-Disclosure Agreement (NDA),"The First Amendment protects the freedom of speech, allowing individuals to express ideas without government restraint.",Public Document - ToS
DOC266,Court Ruling - Data Privacy Violation,Data should be retained only as long as necessary for business purposes and in compliance with legal requirements.,Public Record - Employment Agreement
DOC267,Privacy Policy - Online Service,Consumers are entitled to clear and concise information about their rights and responsibilities regarding digital services.,Public Document - ToS
DOC268,Terms of Service - E-commerce Platform,Consumers are entitled to clear and concise information about their rights and responsibilities regarding digital services.,Public Notice - Consumer Rights Act
DOC269,Contract - Non-Disclosure Agreement (NDA),The ruling emphasized the need for organizations to implement robust data protection measures to safeguard user information.,Legal Record - Contract Case
DOC270,Supreme Court Opinion - Freedom of Speech,"The First Amendment protects the freedom of speech, allowing individuals to express ideas without government restraint.",Public Notice - Consumer Rights Act
DOC271,Contract - Non-Disclosure Agreement (NDA),Consumers are entitled to clear and concise information about their rights and responsibilities regarding digital services.,Public Document - Privacy Policy
DOC272,Legal Agreement - Employment Contract,The court found that the breach of contract resulted from non-compliance with the agreed payment terms.,Legal Record - Contract Case
DOC273,Legal Agreement - Employment Contract,The Employee agrees to maintain confidentiality regarding proprietary information disclosed during their employment.,Public Document - ToS
DOC274,Court Ruling - Data Privacy Violation,The Receiving Party agrees not to disclose any Confidential Information obtained during the course of the business relationship.,Public Document - Privacy Policy
DOC275,Legal Policy - Data Retention,"We collect data such as your name, email, and browsing history to improve our services and provide personalized experiences.",Public Domain - Court Opinion
DOC276,Legal Policy - Data Retention,The Receiving Party agrees not to disclose any Confidential Information obtained during the course of the business relationship.,Public Notice - Consumer Rights Act
DOC277,Contract - Non-Disclosure Agreement (NDA),"The First Amendment protects the freedom of speech, allowing individuals to express ideas without government restraint.",Public Domain - Court Opinion
DOC278,Court Ruling - Data Privacy Violation,The ruling emphasized the need for organizations to implement robust data protection measures to safeguard user information.,Public Contract - Example NDA
DOC279,Court Ruling - Data Privacy Violation,"By using this service, you agree to comply with our terms, including restrictions on data scraping and content redistribution.",Court Ruling - Privacy Violation
DOC280,Privacy Policy - Online Service,The court found that the breach of contract resulted from non-compliance with the agreed payment terms.,Public Contract - Example NDA
DOC281,Privacy Policy - Online Service,"By using this service, you agree to comply with our terms, including restrictions on data scraping and content redistribution.",Public Contract - Example NDA
DOC282,Privacy Policy - Online Service,Data should be retained only as long as necessary for business purposes and in compliance with legal requirements.,Policy Document - Data Retention Guidelines
DOC283,Court Opinion - Intellectual Property Case,"By using this service, you agree to comply with our terms, including restrictions on data scraping and content redistribution.",Public Domain - Supreme Court
DOC284,Legal Policy - Data Retention,"We collect data such as your name, email, and browsing history to improve our services and provide personalized experiences.",Policy Document - Data Retention Guidelines
DOC285,Legal Agreement - Employment Contract,"We collect data such as your name, email, and browsing history to improve our services and provide personalized experiences.",Public Record - Employment Agreement
DOC286,Legal Agreement - Employment Contract,"We collect data such as your name, email, and browsing history to improve our services and provide personalized experiences.",Public Document - Privacy Policy
DOC287,Terms of Service - E-commerce Platform,"The First Amendment protects the freedom of speech, allowing individuals to express ideas without government restraint.",Public Document - ToS
DOC288,Public Notice - Consumer Rights,"By using this service, you agree to comply with our terms, including restrictions on data scraping and content redistribution.",Public Document - ToS
DOC289,Supreme Court Opinion - Freedom of Speech,The Employee agrees to maintain confidentiality regarding proprietary information disclosed during their employment.,Legal Record - Contract Case
DOC290,Legal Agreement - Employment Contract,"By using this service, you agree to comply with our terms, including restrictions on data scraping and content redistribution.",Legal Record - Contract Case
DOC291,Legal Agreement - Employment Contract,"By using this service, you agree to comply with our terms, including restrictions on data scraping and content redistribution.",Public Domain - Supreme Court
DOC292,Supreme Court Opinion - Freedom of Speech,"We collect data such as your name, email, and browsing history to improve our services and provide personalized experiences.",Policy Document - Data Retention Guidelines
DOC293,Legal Policy - Data Retention,"We collect data such as your name, email, and browsing history to improve our services and provide personalized experiences.",Legal Record - Contract Case
DOC294,Contract - Non-Disclosure Agreement (NDA),The court held that the unauthorized use of patented technology constituted a violation of intellectual property rights.,Legal Record - Contract Case
DOC295,Public Notice - Consumer Rights,The ruling emphasized the need for organizations to implement robust data protection measures to safeguard user information.,Public Document - Privacy Policy
DOC296,Supreme Court Opinion - Freedom of Speech,Consumers are entitled to clear and concise information about their rights and responsibilities regarding digital services.,Court Ruling - Privacy Violation
DOC297,Court Ruling - Data Privacy Violation,"We collect data such as your name, email, and browsing history to improve our services and provide personalized experiences.",Public Domain - Supreme Court
DOC298,Legal Agreement - Employment Contract,The ruling emphasized the need for organizations to implement robust data protection measures to safeguard user information.,Public Notice - Consumer Rights Act
DOC299,Court Opinion - Intellectual Property Case,The ruling emphasized the need for organizations to implement robust data protection measures to safeguard user information.,Legal Record - Contract Case
DOC300,Supreme Court Opinion - Freedom of Speech,The Receiving Party agrees not to disclose any Confidential Information obtained during the course of the business relationship.,Public Contract - Example NDA
DOC301,Privacy Policy - Online Service,The court held that the unauthorized use of patented technology constituted a violation of intellectual property rights.,Public Notice - Consumer Rights Act
DOC302,Public Notice - Consumer Rights,The Employee agrees to maintain confidentiality regarding proprietary information disclosed during their employment.,Public Record - Employment Agreement
DOC303,Public Notice - Consumer Rights,The Employee agrees to maintain confidentiality regarding proprietary information disclosed during their employment.,Court Ruling - Privacy Violation
DOC304,Terms of Service - E-commerce Platform,The court held that the unauthorized use of patented technology constituted a violation of intellectual property rights.,Public Document - Privacy Policy
DOC305,Terms of Service - E-commerce Platform,The Receiving Party agrees not to disclose any Confidential Information obtained during the course of the business relationship.,Public Domain - Court Opinion
DOC306,Court Ruling - Data Privacy Violation,Consumers are entitled to clear and concise information about their rights and responsibilities regarding digital services.,Public Contract - Example NDA
DOC307,Privacy Policy - Online Service,"We collect data such as your name, email, and browsing history to improve our services and provide personalized experiences.",Public Document - ToS
DOC308,Legal Agreement - Employment Contract,Consumers are entitled to clear and concise information about their rights and responsibilities regarding digital services.,Public Contract - Example NDA
DOC309,Privacy Policy - Online Service,Consumers are entitled to clear and concise information about their rights and responsibilities regarding digital services.,Legal Record - Contract Case
DOC310,Legal Agreement - Employment Contract,The ruling emphasized the need for organizations to implement robust data protection measures to safeguard user information.,Public Contract - Example NDA
DOC311,Case Law - Contract Dispute,Consumers are entitled to clear and concise information about their rights and responsibilities regarding digital services.,Public Contract - Example NDA
DOC312,Court Ruling - Data Privacy Violation,The Receiving Party agrees not to disclose any Confidential Information obtained during the course of the business relationship.,Public Contract - Example NDA
DOC313,Contract - Non-Disclosure Agreement (NDA),The court held that the unauthorized use of patented technology constituted a violation of intellectual property rights.,Public Record - Employment Agreement
DOC314,Public Notice - Consumer Rights,"We collect data such as your name, email, and browsing history to improve our services and provide personalized experiences.",Public Document - Privacy Policy
DOC315,Legal Policy - Data Retention,"By using this service, you agree to comply with our terms, including restrictions on data scraping and content redistribution.",Public Notice - Consumer Rights Act
DOC316,Supreme Court Opinion - Freedom of Speech,"We collect data such as your name, email, and browsing history to improve our services and provide personalized experiences.",Public Domain - Court Opinion
DOC317,Court Ruling - Data Privacy Violation,The Employee agrees to maintain confidentiality regarding proprietary information disclosed during their employment.,Public Domain - Court Opinion
DOC318,Terms of Service - E-commerce Platform,"The First Amendment protects the freedom of speech, allowing individuals to express ideas without government restraint.",Public Document - ToS
DOC319,Case Law - Contract Dispute,The Employee agrees to maintain confidentiality regarding proprietary information disclosed during their employment.,Public Document - ToS
DOC320,Public Notice - Consumer Rights,"We collect data such as your name, email, and browsing history to improve our services and provide personalized experiences.",Legal Record - Contract Case
DOC321,Public Notice - Consumer Rights,"By using this service, you agree to comply with our terms, including restrictions on data scraping and content redistribution.",Public Record - Employment Agreement
DOC322,Court Opinion - Intellectual Property Case,"By using this service, you agree to comply with our terms, including restrictions on data scraping and content redistribution.",Legal Record - Contract Case
DOC323,Terms of Service - E-commerce Platform,Consumers are entitled to clear and concise information about their rights and responsibilities regarding digital services.,Legal Record - Contract Case
DOC324,Public Notice - Consumer Rights,"The First Amendment protects the freedom of speech, allowing individuals to express ideas without government restraint.",Public Contract - Example NDA
DOC325,Supreme Court Opinion - Freedom of Speech,The court held that the unauthorized use of patented technology constituted a violation of intellectual property rights.,Public Record - Employment Agreement
DOC326,Court Ruling - Data Privacy Violation,The court found that the breach of contract resulted from non-compliance with the agreed payment terms.,Court Ruling - Privacy Violation
DOC327,Legal Policy - Data Retention,"We collect data such as your name, email, and browsing history to improve our services and provide personalized experiences.",Public Contract - Example NDA
DOC328,Court Opinion - Intellectual Property Case,"We collect data such as your name, email, and browsing history to improve our services and provide personalized experiences.",Public Document - Privacy Policy
DOC329,Privacy Policy - Online Service,"The First Amendment protects the freedom of speech, allowing individuals to express ideas without government restraint.",Court Ruling - Privacy Violation
DOC330,Court Ruling - Data Privacy Violation,"We collect data such as your name, email, and browsing history to improve our services and provide personalized experiences.",Court Ruling - Privacy Violation
DOC331,Legal Agreement - Employment Contract,"The First Amendment protects the freedom of speech, allowing individuals to express ideas without government restraint.",Court Ruling - Privacy Violation
DOC332,Terms of Service - E-commerce Platform,The Employee agrees to maintain confidentiality regarding proprietary information disclosed during their employment.,Public Record - Employment Agreement
DOC333,Court Opinion - Intellectual Property Case,"By using this service, you agree to comply with our terms, including restrictions on data scraping and content redistribution.",Legal Record - Contract Case
DOC334,Case Law - Contract Dispute,The court held that the unauthorized use of patented technology constituted a violation of intellectual property rights.,Public Record - Employment Agreement
DOC335,Terms of Service - E-commerce Platform,The court held that the unauthorized use of patented technology constituted a violation of intellectual property rights.,Public Domain - Court Opinion
DOC336,Terms of Service - E-commerce Platform,Consumers are entitled to clear and concise information about their rights and responsibilities regarding digital services.,Public Contract - Example NDA
DOC337,Public Notice - Consumer Rights,The court found that the breach of contract resulted from non-compliance with the agreed payment terms.,Legal Record - Contract Case
DOC338,Privacy Policy - Online Service,"We collect data such as your name, email, and browsing history to improve our services and provide personalized experiences.",Public Contract - Example NDA
DOC339,Legal Policy - Data Retention,"We collect data such as your name, email, and browsing history to improve our services and provide personalized experiences.",Policy Document - Data Retention Guidelines
DOC340,Legal Agreement - Employment Contract,The ruling emphasized the need for organizations to implement robust data protection measures to safeguard user information.,Policy Document - Data Retention Guidelines
DOC341,Public Notice - Consumer Rights,The Employee agrees to maintain confidentiality regarding proprietary information disclosed during their employment.,Public Document - Privacy Policy
DOC342,Public Notice - Consumer Rights,The Employee agrees to maintain confidentiality regarding proprietary information disclosed during their employment.,Court Ruling - Privacy Violation
DOC343,Court Ruling - Data Privacy Violation,"By using this service, you agree to comply with our terms, including restrictions on data scraping and content redistribution.",Court Ruling - Privacy Violation
DOC344,Legal Policy - Data Retention,Data should be retained only as long as necessary for business purposes and in compliance with legal requirements.,Policy Document - Data Retention Guidelines
DOC345,Terms of Service - E-commerce Platform,The Employee agrees to maintain confidentiality regarding proprietary information disclosed during their employment.,Public Document - ToS
DOC346,Privacy Policy - Online Service,The court found that the breach of contract resulted from non-compliance with the agreed payment terms.,Public Document - ToS
DOC347,Court Ruling - Data Privacy Violation,"We collect data such as your name, email, and browsing history to improve our services and provide personalized experiences.",Public Domain - Supreme Court
DOC348,Legal Agreement - Employment Contract,"We collect data such as your name, email, and browsing history to improve our services and provide personalized experiences.",Legal Record - Contract Case
DOC349,Legal Policy - Data Retention,The Employee agrees to maintain confidentiality regarding proprietary information disclosed during their employment.,Public Record - Employment Agreement
DOC350,Terms of Service - E-commerce Platform,Data should be retained only as long as necessary for business purposes and in compliance with legal requirements.,Public Contract - Example NDA
DOC351,Court Opinion - Intellectual Property Case,"By using this service, you agree to comply with our terms, including restrictions on data scraping and content redistribution.",Public Domain - Court Opinion
DOC352,Legal Policy - Data Retention,"We collect data such as your name, email, and browsing history to improve our services and provide personalized experiences.",Policy Document - Data Retention Guidelines
DOC353,Legal Policy - Data Retention,The Employee agrees to maintain confidentiality regarding proprietary information disclosed during their employment.,Court Ruling - Privacy Violation
DOC354,Legal Policy - Data Retention,"The First Amendment protects the freedom of speech, allowing individuals to express ideas without government restraint.",Policy Document - Data Retention Guidelines
DOC355,Public Notice - Consumer Rights,The court found that the breach of contract resulted from non-compliance with the agreed payment terms.,Public Document - Privacy Policy
DOC356,Court Opinion - Intellectual Property Case,"We collect data such as your name, email, and browsing history to improve our services and provide personalized experiences.",Public Contract - Example NDA
DOC357,Legal Agreement - Employment Contract,Data should be retained only as long as necessary for business purposes and in compliance with legal requirements.,Public Notice - Consumer Rights Act
DOC358,Contract - Non-Disclosure Agreement (NDA),The court found that the breach of contract resulted from non-compliance with the agreed payment terms.,Public Domain - Supreme Court
DOC359,Legal Policy - Data Retention,The court held that the unauthorized use of patented technology constituted a violation of intellectual property rights.,Public Document - ToS
DOC360,Privacy Policy - Online Service,Consumers are entitled to clear and concise information about their rights and responsibilities regarding digital services.,Public Document - Privacy Policy
DOC361,Legal Agreement - Employment Contract,"We collect data such as your name, email, and browsing history to improve our services and provide personalized experiences.",Policy Document - Data Retention Guidelines
DOC362,Public Notice - Consumer Rights,"The First Amendment protects the freedom of speech, allowing individuals to express ideas without government restraint.",Public Domain - Supreme Court
DOC363,Case Law - Contract Dispute,The court found that the breach of contract resulted from non-compliance with the agreed payment terms.,Public Notice - Consumer Rights Act
DOC364,Supreme Court Opinion - Freedom of Speech,Data should be retained only as long as necessary for business purposes and in compliance with legal requirements.,Public Document - Privacy Policy
DOC365,Privacy Policy - Online Service,The Employee agrees to maintain confidentiality regarding proprietary information disclosed during their employment.,Public Contract - Example NDA
DOC366,Court Opinion - Intellectual Property Case,The court held that the unauthorized use of patented technology constituted a violation of intellectual property rights.,Public Domain - Supreme Court
DOC367,Public Notice - Consumer Rights,The court held that the unauthorized use of patented technology constituted a violation of intellectual property rights.,Public Domain - Court Opinion
DOC368,Legal Policy - Data Retention,The Receiving Party agrees not to disclose any Confidential Information obtained during the course of the business relationship.,Public Domain - Supreme Court
DOC369,Privacy Policy - Online Service,The ruling emphasized the need for organizations to implement robust data protection measures to safeguard user information.,Legal Record - Contract Case
DOC370,Terms of Service - E-commerce Platform,The Receiving Party agrees not to disclose any Confidential Information obtained during the course of the business relationship.,Public Contract - Example NDA
DOC371,Legal Policy - Data Retention,Data should be retained only as long as necessary for business purposes and in compliance with legal requirements.,Public Domain - Court Opinion
DOC372,Privacy Policy - Online Service,"We collect data such as your name, email, and browsing history to improve our services and provide personalized experiences.",Public Record - Employment Agreement
DOC373,Supreme Court Opinion - Freedom of Speech,Data should be retained only as long as necessary for business purposes and in compliance with legal requirements.,Legal Record - Contract Case
DOC374,Legal Agreement - Employment Contract,The court found that the breach of contract resulted from non-compliance with the agreed payment terms.,Public Domain - Court Opinion
DOC375,Legal Agreement - Employment Contract,Data should be retained only as long as necessary for business purposes and in compliance with legal requirements.,Public Domain - Court Opinion
DOC376,Public Notice - Consumer Rights,The ruling emphasized the need for organizations to implement robust data protection measures to safeguard user information.,Public Domain - Supreme Court
DOC377,Privacy Policy - Online Service,The Employee agrees to maintain confidentiality regarding proprietary information disclosed during their employment.,Public Document - ToS
DOC378,Privacy Policy - Online Service,The Receiving Party agrees not to disclose any Confidential Information obtained during the course of the business relationship.,Policy Document - Data Retention Guidelines
DOC379,Supreme Court Opinion - Freedom of Speech,"By using this service, you agree to comply with our terms, including restrictions on data scraping and content redistribution.",Public Domain - Supreme Court
DOC380,Legal Agreement - Employment Contract,"The First Amendment protects the freedom of speech, allowing individuals to express ideas without government restraint.",Policy Document - Data Retention Guidelines
DOC381,Legal Agreement - Employment Contract,The court held that the unauthorized use of patented technology constituted a violation of intellectual property rights.,Policy Document - Data Retention Guidelines
DOC382,Privacy Policy - Online Service,"By using this service, you agree to comply with our terms, including restrictions on data scraping and content redistribution.",Legal Record - Contract Case
DOC383,Court Opinion - Intellectual Property Case,Consumers are entitled to clear and concise information about their rights and responsibilities regarding digital services.,Public Domain - Supreme Court
DOC384,Terms of Service - E-commerce Platform,"By using this service, you agree to comply with our terms, including restrictions on data scraping and content redistribution.",Public Notice - Consumer Rights Act
DOC385,Legal Agreement - Employment Contract,Data should be retained only as long as necessary for business purposes and in compliance with legal requirements.,Legal Record - Contract Case
DOC386,Legal Policy - Data Retention,"We collect data such as your name, email, and browsing history to improve our services and provide personalized experiences.",Policy Document - Data Retention Guidelines
DOC387,Legal Agreement - Employment Contract,Consumers are entitled to clear and concise information about their rights and responsibilities regarding digital services.,Public Record - Employment Agreement
DOC388,Legal Agreement - Employment Contract,The Employee agrees to maintain confidentiality regarding proprietary information disclosed during their employment.,Policy Document - Data Retention Guidelines
DOC389,Case Law - Contract Dispute,The Receiving Party agrees not to disclose any Confidential Information obtained during the course of the business relationship.,Public Document - ToS
DOC390,Contract - Non-Disclosure Agreement (NDA),The Employee agrees to maintain confidentiality regarding proprietary information disclosed during their employment.,Public Notice - Consumer Rights Act
DOC391,Privacy Policy - Online Service,Data should be retained only as long as necessary for business purposes and in compliance with legal requirements.,Public Notice - Consumer Rights Act
DOC392,Legal Policy - Data Retention,The ruling emphasized the need for organizations to implement robust data protection measures to safeguard user information.,Public Contract - Example NDA
DOC393,Public Notice - Consumer Rights,The Receiving Party agrees not to disclose any Confidential Information obtained during the course of the business relationship.,Public Notice - Consumer Rights Act
DOC394,Court Opinion - Intellectual Property Case,The court held that the unauthorized use of patented technology constituted a violation of intellectual property rights.,Public Document - ToS
DOC395,Legal Policy - Data Retention,"The First Amendment protects the freedom of speech, allowing individuals to express ideas without government restraint.",Policy Document - Data Retention Guidelines
DOC396,Public Notice - Consumer Rights,The court found that the breach of contract resulted from non-compliance with the agreed payment terms.,Court Ruling - Privacy Violation
DOC397,Terms of Service - E-commerce Platform,Data should be retained only as long as necessary for business purposes and in compliance with legal requirements.,Public Record - Employment Agreement
DOC398,Contract - Non-Disclosure Agreement (NDA),Consumers are entitled to clear and concise information about their rights and responsibilities regarding digital services.,Legal Record - Contract Case
DOC399,Court Opinion - Intellectual Property Case,The Receiving Party agrees not to disclose any Confidential Information obtained during the course of the business relationship.,Public Record - Employment Agreement
DOC400,Court Ruling - Data Privacy Violation,"By using this service, you agree to comply with our terms, including restrictions on data scraping and content redistribution.",Public Document - Privacy Policy
DOC401,Legal Agreement - Employment Contract,"The First Amendment protects the freedom of speech, allowing individuals to express ideas without government restraint.",Public Document - ToS
DOC402,Supreme Court Opinion - Freedom of Speech,Data should be retained only as long as necessary for business purposes and in compliance with legal requirements.,Public Document - Privacy Policy
DOC403,Court Ruling - Data Privacy Violation,The court held that the unauthorized use of patented technology constituted a violation of intellectual property rights.,Court Ruling - Privacy Violation
DOC404,Court Opinion - Intellectual Property Case,The Employee agrees to maintain confidentiality regarding proprietary information disclosed during their employment.,Public Document - Privacy Policy
DOC405,Case Law - Contract Dispute,"The First Amendment protects the freedom of speech, allowing individuals to express ideas without government restraint.",Public Document - ToS
DOC406,Supreme Court Opinion - Freedom of Speech,The court found that the breach of contract resulted from non-compliance with the agreed payment terms.,Legal Record - Contract Case
DOC407,Court Ruling - Data Privacy Violation,"The First Amendment protects the freedom of speech, allowing individuals to express ideas without government restraint.",Public Domain - Court Opinion
DOC408,Supreme Court Opinion - Freedom of Speech,The court held that the unauthorized use of patented technology constituted a violation of intellectual property rights.,Court Ruling - Privacy Violation
DOC409,Legal Policy - Data Retention,Data should be retained only as long as necessary for business purposes and in compliance with legal requirements.,Legal Record - Contract Case
DOC410,Court Ruling - Data Privacy Violation,The Receiving Party agrees not to disclose any Confidential Information obtained during the course of the business relationship.,Policy Document - Data Retention Guidelines
DOC411,Case Law - Contract Dispute,The court found that the breach of contract resulted from non-compliance with the agreed payment terms.,Policy Document - Data Retention Guidelines
DOC412,Court Opinion - Intellectual Property Case,Data should be retained only as long as necessary for business purposes and in compliance with legal requirements.,Public Contract - Example NDA
DOC413,Privacy Policy - Online Service,"By using this service, you agree to comply with our terms, including restrictions on data scraping and content redistribution.",Public Document - Privacy Policy
DOC414,Supreme Court Opinion - Freedom of Speech,Consumers are entitled to clear and concise information about their rights and responsibilities regarding digital services.,Public Document - ToS
DOC415,Supreme Court Opinion - Freedom of Speech,The Receiving Party agrees not to disclose any Confidential Information obtained during the course of the business relationship.,Court Ruling - Privacy Violation
DOC416,Court Ruling - Data Privacy Violation,Data should be retained only as long as necessary for business purposes and in compliance with legal requirements.,Legal Record - Contract Case
DOC417,Legal Agreement - Employment Contract,The ruling emphasized the need for organizations to implement robust data protection measures to safeguard user information.,Public Domain - Supreme Court
DOC418,Legal Agreement - Employment Contract,The ruling emphasized the need for organizations to implement robust data protection measures to safeguard user information.,Policy Document - Data Retention Guidelines
DOC419,Legal Agreement - Employment Contract,The Receiving Party agrees not to disclose any Confidential Information obtained during the course of the business relationship.,Public Domain - Court Opinion
DOC420,Public Notice - Consumer Rights,The court held that the unauthorized use of patented technology constituted a violation of intellectual property rights.,Public Notice - Consumer Rights Act
DOC421,Terms of Service - E-commerce Platform,The ruling emphasized the need for organizations to implement robust data protection measures to safeguard user information.,Public Contract - Example NDA
DOC422,Public Notice - Consumer Rights,Data should be retained only as long as necessary for business purposes and in compliance with legal requirements.,Public Domain - Supreme Court
DOC423,Legal Agreement - Employment Contract,The Receiving Party agrees not to disclose any Confidential Information obtained during the course of the business relationship.,Public Domain - Court Opinion
DOC424,Case Law - Contract Dispute,The Employee agrees to maintain confidentiality regarding proprietary information disclosed during their employment.,Legal Record - Contract Case
DOC425,Terms of Service - E-commerce Platform,The ruling emphasized the need for organizations to implement robust data protection measures to safeguard user information.,Public Domain - Supreme Court
DOC426,Supreme Court Opinion - Freedom of Speech,"We collect data such as your name, email, and browsing history to improve our services and provide personalized experiences.",Public Record - Employment Agreement
DOC427,Legal Agreement - Employment Contract,"We collect data such as your name, email, and browsing history to improve our services and provide personalized experiences.",Court Ruling - Privacy Violation
DOC428,Legal Policy - Data Retention,The Receiving Party agrees not to disclose any Confidential Information obtained during the course of the business relationship.,Court Ruling - Privacy Violation
DOC429,Legal Policy - Data Retention,"We collect data such as your name, email, and browsing history to improve our services and provide personalized experiences.",Public Domain - Supreme Court
DOC430,Court Ruling - Data Privacy Violation,The court found that the breach of contract resulted from non-compliance with the agreed payment terms.,Public Record - Employment Agreement
DOC431,Privacy Policy - Online Service,"We collect data such as your name, email, and browsing history to improve our services and provide personalized experiences.",Court Ruling - Privacy Violation
DOC432,Court Ruling - Data Privacy Violation,"The First Amendment protects the freedom of speech, allowing individuals to express ideas without government restraint.",Public Document - Privacy Policy
DOC433,Legal Policy - Data Retention,Data should be retained only as long as necessary for business purposes and in compliance with legal requirements.,Legal Record - Contract Case
DOC434,Supreme Court Opinion - Freedom of Speech,Consumers are entitled to clear and concise information about their rights and responsibilities regarding digital services.,Legal Record - Contract Case
DOC435,Court Opinion - Intellectual Property Case,The court held that the unauthorized use of patented technology constituted a violation of intellectual property rights.,Public Record - Employment Agreement
DOC436,Court Ruling - Data Privacy Violation,The ruling emphasized the need for organizations to implement robust data protection measures to safeguard user information.,Public Domain - Court Opinion
DOC437,Legal Agreement - Employment Contract,Consumers are entitled to clear and concise information about their rights and responsibilities regarding digital services.,Public Domain - Court Opinion
DOC438,Public Notice - Consumer Rights,The ruling emphasized the need for organizations to implement robust data protection measures to safeguard user information.,Public Document - ToS
DOC439,Contract - Non-Disclosure Agreement (NDA),The Receiving Party agrees not to disclose any Confidential Information obtained during the course of the business relationship.,Public Contract - Example NDA
DOC440,Court Opinion - Intellectual Property Case,The court held that the unauthorized use of patented technology constituted a violation of intellectual property rights.,Public Document - ToS
DOC441,Supreme Court Opinion - Freedom of Speech,The ruling emphasized the need for organizations to implement robust data protection measures to safeguard user information.,Public Document - ToS
DOC442,Legal Agreement - Employment Contract,The court found that the breach of contract resulted from non-compliance with the agreed payment terms.,Public Domain - Court Opinion
DOC443,Privacy Policy - Online Service,The court held that the unauthorized use of patented technology constituted a violation of intellectual property rights.,Court Ruling - Privacy Violation
DOC444,Contract - Non-Disclosure Agreement (NDA),"By using this service, you agree to comply with our terms, including restrictions on data scraping and content redistribution.",Legal Record - Contract Case
DOC445,Legal Policy - Data Retention,"The First Amendment protects the freedom of speech, allowing individuals to express ideas without government restraint.",Public Contract - Example NDA
DOC446,Public Notice - Consumer Rights,"The First Amendment protects the freedom of speech, allowing individuals to express ideas without government restraint.",Public Domain - Supreme Court
DOC447,Case Law - Contract Dispute,The court held that the unauthorized use of patented technology constituted a violation of intellectual property rights.,Policy Document - Data Retention Guidelines
DOC448,Court Opinion - Intellectual Property Case,"By using this service, you agree to comply with our terms, including restrictions on data scraping and content redistribution.",Public Contract - Example NDA
DOC449,Terms of Service - E-commerce Platform,The Employee agrees to maintain confidentiality regarding proprietary information disclosed during their employment.,Public Notice - Consumer Rights Act
DOC450,Legal Agreement - Employment Contract,"The First Amendment protects the freedom of speech, allowing individuals to express ideas without government restraint.",Public Contract - Example NDA
DOC451,Terms of Service - E-commerce Platform,The court found that the breach of contract resulted from non-compliance with the agreed payment terms.,Public Document - ToS
DOC452,Public Notice - Consumer Rights,Data should be retained only as long as necessary for business purposes and in compliance with legal requirements.,Public Contract - Example NDA
DOC453,Court Opinion - Intellectual Property Case,"We collect data such as your name, email, and browsing history to improve our services and provide personalized experiences.",Public Document - Privacy Policy
DOC454,Court Ruling - Data Privacy Violation,"By using this service, you agree to comply with our terms, including restrictions on data scraping and content redistribution.",Public Domain - Supreme Court
DOC455,Court Opinion - Intellectual Property Case,Data should be retained only as long as necessary for business purposes and in compliance with legal requirements.,Court Ruling - Privacy Violation
DOC456,Court Opinion - Intellectual Property Case,"We collect data such as your name, email, and browsing history to improve our services and provide personalized experiences.",Policy Document - Data Retention Guidelines
DOC457,Court Ruling - Data Privacy Violation,The court found that the breach of contract resulted from non-compliance with the agreed payment terms.,Public Document - ToS
DOC458,Case Law - Contract Dispute,"By using this service, you agree to comply with our terms, including restrictions on data scraping and content redistribution.",Legal Record - Contract Case
DOC459,Public Notice - Consumer Rights,The Receiving Party agrees not to disclose any Confidential Information obtained during the course of the business relationship.,Policy Document - Data Retention Guidelines
DOC460,Supreme Court Opinion - Freedom of Speech,"We collect data such as your name, email, and browsing history to improve our services and provide personalized experiences.",Public Domain - Supreme Court
DOC461,Case Law - Contract Dispute,"We collect data such as your name, email, and browsing history to improve our services and provide personalized experiences.",Legal Record - Contract Case
DOC462,Legal Policy - Data Retention,The Receiving Party agrees not to disclose any Confidential Information obtained during the course of the business relationship.,Policy Document - Data Retention Guidelines
DOC463,Case Law - Contract Dispute,The court held that the unauthorized use of patented technology constituted a violation of intellectual property rights.,Court Ruling - Privacy Violation
DOC464,Contract - Non-Disclosure Agreement (NDA),"The First Amendment protects the freedom of speech, allowing individuals to express ideas without government restraint.",Public Record - Employment Agreement
DOC465,Legal Policy - Data Retention,"We collect data such as your name, email, and browsing history to improve our services and provide personalized experiences.",Legal Record - Contract Case
DOC466,Court Ruling - Data Privacy Violation,"The First Amendment protects the freedom of speech, allowing individuals to express ideas without government restraint.",Legal Record - Contract Case
DOC467,Privacy Policy - Online Service,The Receiving Party agrees not to disclose any Confidential Information obtained during the course of the business relationship.,Policy Document - Data Retention Guidelines
DOC468,Legal Agreement - Employment Contract,"By using this service, you agree to comply with our terms, including restrictions on data scraping and content redistribution.",Policy Document - Data Retention Guidelines
DOC469,Supreme Court Opinion - Freedom of Speech,The ruling emphasized the need for organizations to implement robust data protection measures to safeguard user information.,Public Contract - Example NDA
DOC470,Contract - Non-Disclosure Agreement (NDA),"By using this service, you agree to comply with our terms, including restrictions on data scraping and content redistribution.",Public Domain - Supreme Court
DOC471,Court Ruling - Data Privacy Violation,The court held that the unauthorized use of patented technology constituted a violation of intellectual property rights.,Public Contract - Example NDA
DOC472,Legal Policy - Data Retention,Consumers are entitled to clear and concise information about their rights and responsibilities regarding digital services.,Public Contract - Example NDA
DOC473,Court Opinion - Intellectual Property Case,The Receiving Party agrees not to disclose any Confidential Information obtained during the course of the business relationship.,Public Document - ToS
DOC474,Case Law - Contract Dispute,The ruling emphasized the need for organizations to implement robust data protection measures to safeguard user information.,Public Domain - Court Opinion
DOC475,Supreme Court Opinion - Freedom of Speech,"We collect data such as your name, email, and browsing history to improve our services and provide personalized experiences.",Public Document - Privacy Policy
DOC476,Terms of Service - E-commerce Platform,The court found that the breach of contract resulted from non-compliance with the agreed payment terms.,Public Document - ToS
DOC477,Court Ruling - Data Privacy Violation,The court found that the breach of contract resulted from non-compliance with the agreed payment terms.,Legal Record - Contract Case
DOC478,Public Notice - Consumer Rights,Data should be retained only as long as necessary for business purposes and in compliance with legal requirements.,Public Domain - Court Opinion
DOC479,Terms of Service - E-commerce Platform,The court held that the unauthorized use of patented technology constituted a violation of intellectual property rights.,Public Document - ToS
DOC480,Public Notice - Consumer Rights,The ruling emphasized the need for organizations to implement robust data protection measures to safeguard user information.,Public Domain - Supreme Court
DOC481,Public Notice - Consumer Rights,The court held that the unauthorized use of patented technology constituted a violation of intellectual property rights.,Policy Document - Data Retention Guidelines
DOC482,Legal Agreement - Employment Contract,The Receiving Party agrees not to disclose any Confidential Information obtained during the course of the business relationship.,Public Domain - Supreme Court
DOC483,Court Opinion - Intellectual Property Case,Data should be retained only as long as necessary for business purposes and in compliance with legal requirements.,Legal Record - Contract Case
DOC484,Court Opinion - Intellectual Property Case,The ruling emphasized the need for organizations to implement robust data protection measures to safeguard user information.,Public Contract - Example NDA
DOC485,Contract - Non-Disclosure Agreement (NDA),The court held that the unauthorized use of patented technology constituted a violation of intellectual property rights.,Public Contract - Example NDA
DOC486,Court Opinion - Intellectual Property Case,The court found that the breach of contract resulted from non-compliance with the agreed payment terms.,Public Contract - Example NDA
DOC487,Court Ruling - Data Privacy Violation,"The First Amendment protects the freedom of speech, allowing individuals to express ideas without government restraint.",Public Domain - Supreme Court
DOC488,Terms of Service - E-commerce Platform,The Receiving Party agrees not to disclose any Confidential Information obtained during the course of the business relationship.,Public Notice - Consumer Rights Act
DOC489,Legal Agreement - Employment Contract,"We collect data such as your name, email, and browsing history to improve our services and provide personalized experiences.",Public Domain - Court Opinion
DOC490,Supreme Court Opinion - Freedom of Speech,The ruling emphasized the need for organizations to implement robust data protection measures to safeguard user information.,Public Record - Employment Agreement
DOC491,Legal Policy - Data Retention,The Receiving Party agrees not to disclose any Confidential Information obtained during the course of the business relationship.,Court Ruling - Privacy Violation
DOC492,Case Law - Contract Dispute,The Receiving Party agrees not to disclose any Confidential Information obtained during the course of the business relationship.,Public Record - Employment Agreement
DOC493,Supreme Court Opinion - Freedom of Speech,Consumers are entitled to clear and concise information about their rights and responsibilities regarding digital services.,Public Document - ToS
DOC494,Court Opinion - Intellectual Property Case,The court held that the unauthorized use of patented technology constituted a violation of intellectual property rights.,Public Document - ToS
DOC495,Public Notice - Consumer Rights,The court found that the breach of contract resulted from non-compliance with the agreed payment terms.,Public Record - Employment Agreement
DOC496,Public Notice - Consumer Rights,Data should be retained only as long as necessary for business purposes and in compliance with legal requirements.,Policy Document - Data Retention Guidelines
DOC497,Court Ruling - Data Privacy Violation,The ruling emphasized the need for organizations to implement robust data protection measures to safeguard user information.,Public Document - ToS
DOC498,Court Ruling - Data Privacy Violation,The ruling emphasized the need for organizations to implement robust data protection measures to safeguard user information.,Public Domain - Court Opinion
DOC499,Legal Policy - Data Retention,The court held that the unauthorized use of patented technology constituted a violation of intellectual property rights.,Public Domain - Court Opinion
DOC500,Contract - Non-Disclosure Agreement (NDA),The court held that the unauthorized use of patented technology constituted a violation of intellectual property rights.,Policy Document - Data Retention Guidelines
